flat_url,image_url,image_name
https://www.house.kg/details/957794666ebe80157cb14-70760750,,
https://www.house.kg/details/948460566ea6f4e786145-50476368,https://clck.ru/3AQXYx,be99f6f2b549251efee415f6f18bf333_1200x900.jpg
https://www.house.kg/details/810419266e57203ecd7f9-04553254,,
https://www.house.kg/details/290184066ebcbb6d51094-16276295,https://clck.ru/3AQXYx,9c0700f86cff9bea7c215a9c00353d88_1200x900.jpg
https://www.house.kg/details/174696466ed53554d9390-61766665,,
https://www.house.kg/details/373919766bc8ae81c4050-81928173,,
https://www.house.kg/details/931523966e0778b83a378-16630313,,
https://www.house.kg/details/688094566e075ab1e1c74-57943447,,
https://www.house.kg/details/77134566647390c67fce5-59110165,,
https://www.house.kg/details/377542366ed4ef8c4aa18-06962464,,
https://www.house.kg/details/63341416684e691133848-02763430,,
https://www.house.kg/details/426487666d71274745798-83456034,,
https://www.house.kg/details/600897866e32278500594-59438928,,
https://www.house.kg/details/6600587668f5571d56bd7-19399922,https://clck.ru/3AQXYx,c9e323b1e8318d729a90676f2d32b29e_1200x900.jpg
https://www.house.kg/details/2372165664da36aec0227-32822904,https://clck.ru/3AQXYx,33ab1732c4efd9c7f206eed89790e0e5_1200x900.jpg
https://www.house.kg/details/78755866661c682935432-92803717,https://clck.ru/3AQXYx,74b5de0e0b92dac1004ee13fd244a072_1200x900.jpg
https://www.house.kg/details/406737366018adfacff10-97662191,https://clck.ru/3AQXYx,f18b86ec97cb2730346c4a4457051baf_1200x900.jpg
https://www.house.kg/details/9855366e1ecf1eb85c1-63586327,https://clck.ru/3AQXYx,e54b01d61a7669789cb494d565a839ad_1200x900.jpg
https://www.house.kg/details/289295866e7d79cd1b237-63913147,https://clck.ru/3AQXYx,d2a7b7a50c1ca1fde25f223738f8f318_1200x900.jpg
https://www.house.kg/details/677592366e4618a7f7c29-29506503,https://clck.ru/3AQXYx,c13665abf9997d2c10ef7880747b46f1_1200x900.jpg
https://www.house.kg/details/942418566d8214a591079-77255541,https://clck.ru/3AQXYx,114451c230ff76f03f1e88ea1064d8dd_1200x900.jpg
https://www.house.kg/details/659251166964a685f2184-34784903,https://clck.ru/3AQXYx,9ff4e97ec299dd678141fe251850d765_1200x900.jpg
https://www.house.kg/details/779621066ccfa81f16958-29369473,,
https://www.house.kg/details/54926466e86571dad2d7-54812734,https://clck.ru/3AQXYx,0bb1108fc74ca022f1b22c8fd774b8fc_1200x900.jpg
https://www.house.kg/details/457449865f9812ff0f935-96282534,https://clck.ru/3AQXYx,36c33f41d9d7b042bcbea45fdeaa9af8_1200x900.jpg
https://www.house.kg/details/896649866e9cab43162f2-02974218,https://clck.ru/3AQXYx,de022978bd63f9fadcd0b9a7415ee052_1200x900.jpg
https://www.house.kg/details/194233466ed28a96f6905-88974212,https://clck.ru/3AQXYx,a946c155fbbebf403eff82745a64e271_1200x900.jpg
https://www.house.kg/details/378694366983e1fb12271-75941356,,
https://www.house.kg/details/54771126696ed33d73ae9-34945973,,
https://www.house.kg/details/160160666e80d100e6df0-35427662,,
https://www.house.kg/details/971963366e2b93133b545-20664107,https://clck.ru/3AQXYx,a93d8b978db2270dd3b1121f6f0aef90_1200x900.jpg
https://www.house.kg/details/160607966505d9292b1b1-58699274,https://clck.ru/3AQXYx,622516e02bf316efbb0b89295764ce3d_1200x900.jpg
https://www.house.kg/details/482829064fd1c63694239-73480443,,
https://www.house.kg/details/644550465bcbec5825cd7-16737665,https://clck.ru/3AQXYx,9fb22d7c09fdcd8a20dc151d1781dc9f_1200x900.jpg
https://www.house.kg/details/13327096684777e374eb8-48848180,,
https://www.house.kg/details/677709966def64cc770d1-50176709,,
https://www.house.kg/details/179273066e9604c2589c1-81833226,,
https://www.house.kg/details/767991966e2d28a8cf067-71149991,,
https://www.house.kg/details/3664761664be3c5f3cde6-22255498,,
https://www.house.kg/details/981948666decd65c2d047-83652326,https://clck.ru/3AQXYx,968738154d5ae2dc8af2c7335f19122f_1200x900.jpg
https://www.house.kg/details/77358066d82c38908e67-34084076,,
https://www.house.kg/details/400892666098cd69d9572-67563753,,
https://www.house.kg/details/37690266aa420ff2e681-58214458,https://clck.ru/3AQXYx,2429503d4f69edbd506333ef55f5caa0_1200x900.jpg
https://www.house.kg/details/2008648663d00e5bc9fa8-65478862,,
https://www.house.kg/details/226531866d6ce5f5185e0-63335503,https://clck.ru/3AQXYx,d9216d53275ba44ec524b642211d8a26_1200x900.jpg
https://www.house.kg/details/969166666c59ed7db5c85-77078679,,
https://www.house.kg/details/825386766d942edeced81-78216518,,
https://www.house.kg/details/8787266667bb3f0e98ea9-54862458,,
https://www.house.kg/details/2844056661ebd6c9591f4-09668169,,
https://www.house.kg/details/96014746687cf19f1c139-47330642,https://clck.ru/3AQXYx,bfba09ec0f6a4a196c9e9980943e6f1d_1200x900.jpg
https://www.house.kg/details/801505866dfd5f0059853-63033212,,
https://www.house.kg/details/11847336662c4f56f2881-41743531,,
https://www.house.kg/details/526760566d8018e800c12-72615319,,
https://www.house.kg/details/193149466d58192101a78-49491613,,
https://www.house.kg/details/545796866cda926ea79b5-12441436,,
https://www.house.kg/details/290533866b9b95ba006c7-98788611,,
https://www.house.kg/details/635463066a74e8d2a6501-01832100,,
https://www.house.kg/details/401722166a4867f4f35b2-25291583,,
https://www.house.kg/details/782681666a355a57ca590-72853841,,
https://www.house.kg/details/7187083667d584112c714-18262522,,
https://www.house.kg/details/26773916699ec9072fb24-37673147,,
https://www.house.kg/details/2906008669df90e307d41-90375412,,
https://www.house.kg/details/3061057669a4e60b0d4f8-23096746,,
https://www.house.kg/details/6501732669a4390e12dd6-92002418,,
https://www.house.kg/details/7513429669a411300a479-98846446,,
https://www.house.kg/details/42146556698a7e260d0b0-54419871,,
https://www.house.kg/details/758771669785ddb88fa9-87083872,,
https://www.house.kg/details/17766366976dc9956361-93313344,,
https://www.house.kg/details/946562766964cf22d4961-33588734,,
https://www.house.kg/details/512142966950b068b3c77-58641991,,
https://www.house.kg/details/226097966975321ab7bd3-90629875,,
https://www.house.kg/details/6788810668faf42e8aa00-74423317,,
https://www.house.kg/details/8965565668fab82e6dd99-74959544,,
https://www.house.kg/details/9085016668f91d0a26567-82728753,,
https://www.house.kg/details/956195866879a294d7243-13390965,,
https://www.house.kg/details/7627471668f8cddb6ab94-54808647,,
https://www.house.kg/details/7241456668f8ae09c8fe1-49958205,,
https://www.house.kg/details/2606442668cc91daa4a96-63728617,,
https://www.house.kg/details/7103664668bb90eb42367-66599650,,
https://www.house.kg/details/7461038669de2af2e1921-39812373,,
https://www.house.kg/details/860004166d5422c08e774-86248156,,
https://www.house.kg/details/9860596668bb19a720710-41575322,,
https://www.house.kg/details/3874940668b79953ce273-84851840,,
https://www.house.kg/details/35791396687b51f5243f6-35156673,,
https://www.house.kg/details/99096426687bdda009f98-66110771,,
https://www.house.kg/details/8331983668782d1b52333-42539387,,
https://www.house.kg/details/5061465668688cf635113-73068458,,
https://www.house.kg/details/2150093668684ccd7b4d9-68555695,,
https://www.house.kg/details/746060668673fd13f674-39019682,,
https://www.house.kg/details/13555326686654f223741-28233882,,
https://www.house.kg/details/743894966826a06922162-05285770,,
https://www.house.kg/details/922057766825b2e1dc6a6-09532913,,
https://www.house.kg/details/8967894667d40f1d29ce8-77913257,,
https://www.house.kg/details/274274466ceda47782fb8-12326114,https://clck.ru/3AQXYx,f41daca66b19a01965c23a457ca8bf3c_1200x900.jpg
https://www.house.kg/details/5330501667d3b6b761f27-59259978,,
https://www.house.kg/details/3249581667d34d408f3d9-14051259,,
https://www.house.kg/details/93487746699f10312ff88-76949194,,
https://www.house.kg/details/7450426667bd5b23c50c6-84934252,,
https://www.house.kg/details/677161166791520af78d0-53412171,,
https://www.house.kg/details/5916293667a8197f0e330-38694751,,
https://www.house.kg/details/519092366794787be1f58-62071265,,
https://www.house.kg/details/394829666791d00aabb29-46426046,,
https://www.house.kg/details/8864575667526c6649494-30649311,,
https://www.house.kg/details/22538066e71060322f88-60952118,,
https://www.house.kg/details/24659766ebc20b2b65c1-54739369,https://clck.ru/3AQXYx,0cf860b88075ff7c38dc5c6965bd1c3e_1200x900.jpg
https://www.house.kg/details/966269166dddca03db680-21527084,https://clck.ru/3AQXYx,0505b438773bf7c7990e73996d5ee86d_1200x900.jpg
https://www.house.kg/details/19355006667ff952508f5-41968031,,
https://www.house.kg/details/8316383665852b87670b6-39280916,,
https://www.house.kg/details/168488065d36a81c1ea85-62373509,,
https://www.house.kg/details/4007459664f00f9170889-47186080,,
https://www.house.kg/details/753225666444ff1a77548-13587718,,
https://www.house.kg/details/68435876638a31c55fe88-11256057,,
https://www.house.kg/details/291620866389df86d00c7-17994155,,
https://www.house.kg/details/88758186638960d8ac534-79766521,,
https://www.house.kg/details/22148476638894fb07d69-35906236,,
https://www.house.kg/details/282944066388295c85909-33271800,,
https://www.house.kg/details/707535666a8b0ca8be402-65862999,https://clck.ru/3AQXYx,21a482f449673d10b422ac69247d1239_1200x900.jpg
https://www.house.kg/details/966391366273daf8a1680-14855587,,
https://www.house.kg/details/225276666260fa309d042-17114110,,
https://www.house.kg/details/903002264e1f3b741c568-33867186,https://clck.ru/3AQXYx,364da485d78d2221fb04e52a49d3e7ec_1200x900.jpg
https://www.house.kg/details/372553866ecf6babce002-23564730,,
https://www.house.kg/details/8285711667e7875c43119-14149600,https://clck.ru/3AQXYx,1c5161a65c7e91823fdd78bdd56e9eba_1200x900.jpg
https://www.house.kg/details/64199066bf186a42ce16-48489650,https://clck.ru/3AQXYx,2312bce5331186034436fe1e367ad0e7_1200x900.jpg
https://www.house.kg/details/617821866516f6e7b2633-69662667,https://clck.ru/3AQXYx,e6da452634646ba77d09cb7c20eff785_1200x900.jpg
https://www.house.kg/details/447022266dc1ff23253f7-71718428,,
https://www.house.kg/details/318259666d1574835cf14-11858579,,
https://www.house.kg/details/317890866c3193fdb7378-22146734,,
https://www.house.kg/details/546171066c31394f35ec5-88415439,,
https://www.house.kg/details/208173866c30f7c52ce08-21849342,,
https://www.house.kg/details/692167166b3002560f481-60424147,,
https://www.house.kg/details/936287766b2ff41687ad8-67908494,,
https://www.house.kg/details/280295666b2edacbf0cd8-05257300,,
https://www.house.kg/details/37206766ab903832ecf0-75071927,,
https://www.house.kg/details/383672266750f45dca977-62470980,,
https://www.house.kg/details/5454660666d19d03ead90-94366167,,
https://www.house.kg/details/18785356667df50adec56-11357097,,
https://www.house.kg/details/1818843662942f3b3c911-05466528,,
https://www.house.kg/details/1119895663e61e0daf265-85315024,,
https://www.house.kg/details/7503563663df1d0710c53-51502795,,
https://www.house.kg/details/552694662d35c3d14d22-07404906,,
https://www.house.kg/details/9583080662944359236f9-64763347,,
https://www.house.kg/details/22883626623fc86060243-17753808,,
https://www.house.kg/details/1590926613e8cd6d30b8-08562035,,
https://www.house.kg/details/13791886613bc6b2b94f0-04088601,,
https://www.house.kg/details/613241366dead484504e0-25011202,,
https://www.house.kg/details/564369866db3c97852742-71592607,,
https://www.house.kg/details/96444366deadcb874dc6-26324328,,
https://www.house.kg/details/699427866de81edde61f7-83468503,,
https://www.house.kg/details/96655066c5fdda26ee88-30126519,,
https://www.house.kg/details/219670266cac93303e0f1-23376388,,
https://www.house.kg/details/7483636667eb68bc1970-60122747,,
https://www.house.kg/details/609463766b8bb438f26d5-53850603,,
https://www.house.kg/details/996901666640853b7a095-53145242,https://clck.ru/3AQXYx,46d1ec31a95688a33d94297270651b35_1200x900.jpg
https://www.house.kg/details/859929866e2e83018ec85-12958825,https://clck.ru/3AQXYx,fc0fdd01462e39aa80627bb5fbff1308_1200x900.jpg
https://www.house.kg/details/724254266e2b296aeb790-70837548,https://clck.ru/3AQXYx,da48f44c19d74f52a02fd4d4d4f98dee_1200x900.jpg
https://www.house.kg/details/226620966ecb952611c58-34511125,,
https://www.house.kg/details/4746096628d37a990bf2-32127945,https://clck.ru/3AQXYx,271771dfb8c2c629fe2efbac45866661_1200x900.jpg
https://www.house.kg/details/759308966e7f8b902de19-61505854,,
https://www.house.kg/details/14045966e93938f07101-26073924,,
https://www.house.kg/details/933660666ec5c2cea0567-81641029,,
https://www.house.kg/details/966910266d7fb9ece8148-39194671,,
https://www.house.kg/details/974566566b474a1e156d9-08151176,,
https://www.house.kg/details/12397066b6fe63750061-25513057,,
https://www.house.kg/details/736563366ec3dcf059fa0-19553569,,
https://www.house.kg/details/293958266eba39303e0d8-73994678,,
https://www.house.kg/details/66593066ec191c6ec932-58726897,https://cdn.house.kg/house/images/2/3/e/23ec5bbfb82c04136e12d25d898cf489_1200x900.jpg,08043f96986e5f1acc706fe536033937_1200x900.jpg
https://www.house.kg/details/348005266ead3c8cc75e6-52477015,,
https://www.house.kg/details/741804666ebfe67e2d193-31489360,,
https://www.house.kg/details/146635266d12a36b73fd0-38823177,,
https://www.house.kg/details/119754066eabb22178040-80979371,,
https://www.house.kg/details/87997056628b63a812541-60303075,https://clck.ru/3AQXYx,c16d21a949f1cfe3474160f837ed1adf_1200x900.jpg
https://www.house.kg/details/975081766eb9a89ab0150-48089605,,
https://www.house.kg/details/6628359665741894ff198-39355024,,
https://www.house.kg/details/320621666b74a0c048175-98723257,,
https://www.house.kg/details/7051483668e662f2f02f5-46435351,,
https://www.house.kg/details/616514566d951ffa967f2-05224016,,
https://www.house.kg/details/511995766ea733253d246-39445734,,
https://www.house.kg/details/64729316603eb44d0f4c7-00120349,,
https://www.house.kg/details/539134966c440abaaf541-12985844,,
https://www.house.kg/details/792594566ea45dba8e600-77235610,,
https://www.house.kg/details/429707666ea3e33e78f03-98927905,,
https://www.house.kg/details/429707666ea3e33e78f03-98927905,,
https://www.house.kg/details/9670095653e967eeb5237-92411717,https://clck.ru/3AQXYx,0c5bba4d2aaaa696f751ac55f29a3cdb_1200x900.jpg
https://www.house.kg/details/687999266b228ba9813a6-27239385,,
https://www.house.kg/details/52050776645a76dd4c063-34792365,https://clck.ru/3AQXYx,06138e19b23757324cd0492f02fda057_1200x900.jpg
https://www.house.kg/details/189261366bef17a392956-11086279,https://clck.ru/3AQXYx,ffea2d374f8bb2eb2cc1c4ad33ecd9cc_1200x900.jpg
https://www.house.kg/details/926183166c58d75f39cf7-07406475,https://clck.ru/3AQXYx,8dfd26611266de164609a93a54f70b8b_1200x900.jpg
https://www.house.kg/details/977536766e94eb7414711-13934478,https://clck.ru/3AQXYx,e120ba1d8e5b59cf46f1f220545942d7_1200x900.jpg
https://www.house.kg/details/793561266ddb740b7c9c2-19943147,,
https://www.house.kg/details/322991366e7e1c6e7a2b1-51852803,https://clck.ru/3AQXYx,716ddc70d60974683bd09d72c0e7696a_1200x900.jpg
https://www.house.kg/details/540642566e9369bccb615-45460009,https://clck.ru/3AQXYx,fb53c62870a07cc09c44f96fdd5fe4bf_1200x900.jpg
https://www.house.kg/details/479045366e91ec4be9529-50424799,,
https://www.house.kg/details/468444166e81b994b4fe2-10621684,,
https://www.house.kg/details/114774966e818ed702823-64585340,,
https://www.house.kg/details/9012602663231986ee7e0-33891118,,
https://www.house.kg/details/840809966e6f762e02174-56067520,,
https://www.house.kg/details/2334132669f8f80a02bd9-66919751,,
https://www.house.kg/details/204602666c82818e4e166-99711568,,
https://www.house.kg/details/681928066e3d01666a611-78409031,,
https://www.house.kg/details/451507766e3c759392978-99247630,,
https://www.house.kg/details/9652267661975a73aba40-05178613,https://clck.ru/3AQXYx,326679f9a01aaa59f5bd6d9998ac60f6_1200x900.jpg
https://www.house.kg/details/661209366b9a5efa892c4-31635272,https://clck.ru/3AQXYx,368c3c961646a96f41ea95b93260d3cf_1200x900.jpg
https://www.house.kg/details/507904366e2b8379f43d3-82102330,,
https://www.house.kg/details/38246736627704057d538-91274831,,
https://www.house.kg/details/649659165b67ed518ff63-17653301,,
https://www.house.kg/details/519121564fb0117ec5e00-73923935,,
https://www.house.kg/details/532677365ae3099ac2a20-71048569,,
https://www.house.kg/details/5723711664ef7bb6d90f0-87307325,,
https://www.house.kg/details/9556082667a616697e6d9-69724022,,
https://www.house.kg/details/508290164faa2c6658f69-75203242,,
https://www.house.kg/details/6537339663b27379a5a28-52640800,,
https://www.house.kg/details/648901265f144678e2369-47152370,,
https://www.house.kg/details/66661636527a97d445185-83434728,,
https://www.house.kg/details/683855666289c9de3e4a8-55150822,,
https://www.house.kg/details/3078680667296062805c2-91847739,,
https://www.house.kg/details/6402090666937160ff129-01940022,,
https://www.house.kg/details/204174164c1e9ce7d1e92-23059848,,
https://www.house.kg/details/993063265b0f457371ba7-76778111,,
https://www.house.kg/details/419191165b32c122e4854-63042731,,
https://www.house.kg/details/7770356655874a653f4a4-25995048,,
https://www.house.kg/details/5771721662f4d346d1ff3-20778132,,
https://www.house.kg/details/1159405662cc9087c5e69-97847749,,
https://www.house.kg/details/335481165c08baaf1e487-62545719,,
https://www.house.kg/details/807105366557bb2d30fc9-96387105,,
https://www.house.kg/details/935382664ace7a1c5744-56254348,,
https://www.house.kg/details/188213466bda66d0b6341-42908623,,
https://www.house.kg/details/1173744664aefc852c005-65472673,,
https://www.house.kg/details/2380151664c859eec8955-62371130,,
https://www.house.kg/details/8908311664efc3cf00ce6-21991089,,
https://www.house.kg/details/566251565aa33dd81ba62-85410461,,
https://www.house.kg/details/130744866459f59754a37-23746961,,
https://www.house.kg/details/439607865a79d0186f161-80155855,,
https://www.house.kg/details/442457865b89c670966c4-80202454,,
https://www.house.kg/details/38246736627704057d538-91274831,,
https://www.house.kg/details/649659165b67ed518ff63-17653301,,
https://www.house.kg/details/519121564fb0117ec5e00-73923935,,
https://www.house.kg/details/532677365ae3099ac2a20-71048569,,
https://www.house.kg/details/5723711664ef7bb6d90f0-87307325,,
https://www.house.kg/details/9556082667a616697e6d9-69724022,,
https://www.house.kg/details/508290164faa2c6658f69-75203242,,
https://www.house.kg/details/6537339663b27379a5a28-52640800,,
https://www.house.kg/details/648901265f144678e2369-47152370,,
https://www.house.kg/details/66661636527a97d445185-83434728,,
https://www.house.kg/details/683855666289c9de3e4a8-55150822,,
https://www.house.kg/details/3078680667296062805c2-91847739,,
https://www.house.kg/details/6402090666937160ff129-01940022,,
https://www.house.kg/details/204174164c1e9ce7d1e92-23059848,,
https://www.house.kg/details/993063265b0f457371ba7-76778111,,
https://www.house.kg/details/419191165b32c122e4854-63042731,,
https://www.house.kg/details/7770356655874a653f4a4-25995048,,
https://www.house.kg/details/5771721662f4d346d1ff3-20778132,,
https://www.house.kg/details/1159405662cc9087c5e69-97847749,,
https://www.house.kg/details/335481165c08baaf1e487-62545719,,
https://www.house.kg/details/807105366557bb2d30fc9-96387105,,
https://www.house.kg/details/935382664ace7a1c5744-56254348,,
https://www.house.kg/details/188213466bda66d0b6341-42908623,,
https://www.house.kg/details/1173744664aefc852c005-65472673,,
https://www.house.kg/details/2380151664c859eec8955-62371130,,
https://www.house.kg/details/8908311664efc3cf00ce6-21991089,,
https://www.house.kg/details/566251565aa33dd81ba62-85410461,,
https://www.house.kg/details/130744866459f59754a37-23746961,,
https://www.house.kg/details/439607865a79d0186f161-80155855,,
https://www.house.kg/details/442457865b89c670966c4-80202454,,
https://www.house.kg/details/692333466459ba004c214-10047536,,
https://www.house.kg/details/205990665f924099a9af2-92750248,,
https://www.house.kg/details/248751066065a149963a8-65227660,,
https://www.house.kg/details/5764383660d0dca441087-52629980,,
https://www.house.kg/details/83318076644346ab47f16-43987676,,
https://www.house.kg/details/767321465c078d6505793-53846078,,
https://www.house.kg/details/2270498663b2f19189bf7-52848201,,
https://www.house.kg/details/375980965a797bd917f11-29745451,,
https://www.house.kg/details/6494549662cc5a73ede45-16267830,,
https://www.house.kg/details/36390116628a0afa26496-33536400,,
https://www.house.kg/details/617692566e1d0647e2723-29090249,,
https://www.house.kg/details/516083966e1b2209d1528-31844549,https://clck.ru/3AQXYx,6112e1c94944d694b43374e7f166f915_1200x900.jpg
https://www.house.kg/details/415265166bb5274a1cd37-07599305,https://clck.ru/3AQXYx,43b0956db21721882fcfd575e60b610b_1200x900.jpg
https://www.house.kg/details/17843966405aba8d123f9-01120478,https://clck.ru/3AQXYx,1f5a4de6e5dff46d1e972d600d8169b1_1200x900.jpg
https://www.house.kg/details/863733166dfe92a74a731-20293831,,
https://www.house.kg/details/763082566df755a10c749-10350993,,
https://www.house.kg/details/556512166df72c2c67d15-99750051,,
https://www.house.kg/details/356797166df6c191b0fb7-86424095,,
https://www.house.kg/details/82204266debacd4c8691-02751691,,
https://www.house.kg/details/969021666dcbda60d4476-01687912,https://clck.ru/3AQXYx,d47c83fe76de297f95e3f238e609f0d1_1200x900.jpg
https://www.house.kg/details/493534766dd5250e1eef2-45506923,https://clck.ru/3AQXYx,d7041c05c0d911d0b44024744eeb1bf0_1200x900.jpg
https://www.house.kg/details/536622866c5a8cfc7af99-39728246,,
https://www.house.kg/details/43474666dbf9e66591a9-47508837,,
https://www.house.kg/details/462237166d811c4dea530-08645748,,
https://www.house.kg/details/861004466db33ac893656-22796876,,
https://www.house.kg/details/584267766d943bae15f75-67100970,https://clck.ru/3AQXYx,3048ddd6bcef0d30c7be979dd114283e_1200x900.jpg
https://www.house.kg/details/205068066daf9171c53a1-35460919,https://clck.ru/3AQXYx,dbdd9d7c9871f83aedac469ecb5b00b1_1200x900.jpg
https://www.house.kg/details/946296766dabd2a6f9062-07542320,,
https://www.house.kg/details/24352686317bf4642da85-78300296,,
https://www.house.kg/details/17405726682703cbc9c55-57866801,,
https://www.house.kg/details/916365866443cc06aa2c9-76684113,,
https://www.house.kg/details/838069766d932ffb856d4-40052343,https://clck.ru/3AQXYx,968518094c5778f08a95a4ebc5259009_1200x900.jpg
https://www.house.kg/details/11378776673e9fd711a34-59410469,,
https://www.house.kg/details/544383466d82020cb76f4-42451143,,
https://www.house.kg/details/529106266a67f4984e522-58389375,,
https://www.house.kg/details/250138166d6fac8be5226-10053475,,
https://www.house.kg/details/4087780668134c407a6d1-87073130,,
https://www.house.kg/details/379835366d6c422a42901-48650356,,
https://www.house.kg/details/891812566d6760897aa36-31870916,,
https://www.house.kg/details/511188966d5f32721df19-84131831,https://clck.ru/3AQXYx,02638584f84edb1b60a74740e1fc4f5d_1200x900.jpg
https://www.house.kg/details/870026966d58338ef32f3-78761599,https://clck.ru/3AQXYx,c1b9423143f533850b03a591085e7b40_1200x900.jpg
https://www.house.kg/details/735890066c873ed678b88-72758018,https://clck.ru/3AQXYx,1c93582ca57af9be1341fc971343e1da_1200x900.jpg
https://www.house.kg/details/25406566d54fdd49d2a4-24730710,,
https://www.house.kg/details/630656266d53d686a0424-81212302,,
https://www.house.kg/details/546055366b5999bdea162-86517565,https://clck.ru/3AQXYx,4d872d98f83704dbedd4c046f334fec4_1200x900.jpg
https://www.house.kg/details/744656566bf23feb64859-12519715,https://clck.ru/3AQXYx,08a8be2aa91b096656e0257e4bedfc0c_1200x900.jpg
https://www.house.kg/details/0ab14318-4fb9-11ef-8,,
https://www.house.kg/details/0ab160d0-4fb9-11ef-8,,
https://www.house.kg/details/703291266d0bacd351e97-27249029,https://clck.ru/3AQXYx,86fd799e22ac242e0f41fdada7131ad4_1200x900.jpg
https://www.house.kg/details/373357266d046c5bc5ea6-72546622,https://clck.ru/3AQXYx,704c17346da08eadd1db9775acdd4f38_1200x900.jpg
https://www.house.kg/details/789401668cf93374e236-09280765,,
https://www.house.kg/details/526977266cf2872663728-39937817,https://clck.ru/3AQXYx,27ddf452f3b674220f31d87359b18b9a_1200x900.jpg
https://www.house.kg/details/131998066ceefec65bff0-94444306,,
https://www.house.kg/details/10976836628dec5452111-99560651,,
https://www.house.kg/details/57584816628d41f219290-79797383,,
https://www.house.kg/details/49394606628d86340b055-51419642,,
https://www.house.kg/details/7263166cd74b78713d7-12548462,,
https://www.house.kg/details/852739466bccb03285470-79274912,,
https://www.house.kg/details/399307166cc8a25c19a03-01168493,,
https://www.house.kg/details/897913066cc82e3343269-32368171,,
https://www.house.kg/details/365591966c193c8711836-11828758,https://clck.ru/3AQXYx,0c8decb798be61ba77a9192cf9a7a3cb_1200x900.jpg
https://www.house.kg/details/25227066686289da94699-28209262,https://clck.ru/3AQXYx,fc369aebe96884605ffbc4ba23f72819_1200x900.jpg
https://www.house.kg/details/8998487662f85c4403f94-92882705,https://clck.ru/3AQXYx,3ab7c281ae38b4e6b31419b79f0ef37f_1200x900.jpg
https://www.house.kg/details/976690266c9f56a6f4db4-64989493,https://clck.ru/3AQXYx,d1ab18c39fa0f4b1c7b1c1f9796cce88_1200x900.jpg
https://www.house.kg/details/6254166c8a8764d37b0-67589221,,
https://www.house.kg/details/906066366bc774cb39747-45987712,https://clck.ru/3AQXYx,adfbe01f0bc37085343a952d8a323f4c_1200x900.jpg
https://www.house.kg/details/559082266ae7f68ab4db7-87934341,https://clck.ru/3AQXYx,b46fcc756e5aef7f9ffaeb25bcaec5af_1200x900.jpg
https://www.house.kg/details/818227066c70691ca85a3-13530478,,
https://www.house.kg/details/278187466c705db901536-84371742,,
https://www.house.kg/details/682595666c6f1e80df637-41946013,,
https://www.house.kg/details/6702766668b8ece246b18-72469118,,
https://www.house.kg/details/808715866c6da304cea76-85610502,,
https://www.house.kg/details/264120966c42eba0b2ed4-57187088,https://clck.ru/3AQXYx,a6b0a54df17ed11ef521f195742b364b_1200x900.jpg
https://www.house.kg/details/399360666b1a27a322e72-64675645,https://clck.ru/3AQXYx,2f4bc98643594769e45691788c19bbfe_1200x900.jpg
https://www.house.kg/details/618904966a224b49e33e1-94602811,https://clck.ru/3AQXYx,0f49a98ee3caf588ba16465d6313564f_1200x900.jpg
https://www.house.kg/details/144624966c0d9a56c6d64-80731040,,
https://www.house.kg/details/254035661e8c81759b74-51115785,https://clck.ru/3AQXYx,ffb1aba9ec799fa9ee5a2b6fd6800b7b_1200x900.jpg
https://www.house.kg/details/193360166b46224769951-67023785,https://clck.ru/3AQXYx,a5d68593ad76e7dbdce616d5a89c4caa_1200x900.jpg
https://www.house.kg/details/322485666bf47f65d99b1-87037688,,
https://www.house.kg/details/904373366bf14c473e517-66710723,,
https://www.house.kg/details/991310966bf13c98cae20-35440390,,
https://www.house.kg/details/49764966bf1305c1ae11-92158272,,
https://www.house.kg/details/311755466bf0e0841c6f5-01890700,,
https://www.house.kg/details/816514366bf0ca7b85e05-68342365,,
https://www.house.kg/details/1292454647cb754af04f6-66644508,,
https://www.house.kg/details/525273366bc5f11a12791-74912539,,
https://www.house.kg/details/859403466bb91236749e5-23009026,,
https://www.house.kg/details/509664666baf2646b29b8-78251780,,
https://www.house.kg/details/421909066a7149732ad18-28972611,,
https://www.house.kg/details/137207166b8b89f14e982-64068810,,
https://www.house.kg/details/248039466b79b704b22d9-63311799,https://clck.ru/3AQXYx,0d7de5ea18a8706037c59f39d165a2d4_1200x900.jpg
https://www.house.kg/details/3892614666492ab3ac931-07721035,https://clck.ru/3AQXYx,7925f7623041ed493fec2333f81f57b5_1200x900.jpg
https://www.house.kg/details/231267066b5a8a6711cd8-23423551,,
https://www.house.kg/details/949142066b1e68638d8b6-06500083,,
https://www.house.kg/details/62201436652c5777e4b25-79367404,https://clck.ru/3AQXYx,2cf707638e8d42830f501604214595de_1200x900.jpg
https://www.house.kg/details/154476865f57a22c5ada7-57768177,,
https://www.house.kg/details/238061266adbcd24ff619-70985692,,
https://www.house.kg/details/45372696697574c41fcf5-55334373,https://clck.ru/3AQXYx,7d1c9e713b0e442c4491ea9567f04061_1200x900.jpg
https://www.house.kg/details/109861966ace6d4318fc6-60300631,https://clck.ru/3AQXYx,6a63d0a50e87596dd34acd945683f51e_1200x900.jpg
https://www.house.kg/details/219910866ac6fe91a4007-92755268,,
https://www.house.kg/details/1144917668cebe3584e94-00544324,,
https://www.house.kg/details/556795766a629c96613a0-19448943,,
https://www.house.kg/details/233731966a5f9fc250107-47263392,,
https://www.house.kg/details/713193266a4c81c323f49-49623343,,
https://www.house.kg/details/404237566a4b80ca1ac85-12160484,,
https://www.house.kg/details/88420466a4a73fa0cf82-10420195,,
https://www.house.kg/details/410361366a395fed77fe3-60759759,,
https://www.house.kg/details/463058866a1fb8013c8a9-52530102,,
https://www.house.kg/details/128373166a3861451aae1-45676507,,
https://www.house.kg/details/8215948654cc479df0175-48031450,,
https://www.house.kg/details/807319666969275683e73-63531535,https://clck.ru/3AQXYx,662da33b139046bd6d513a0416a46fc8_1200x900.jpg
https://www.house.kg/details/74154886678e9fa23e925-37343342,,
https://www.house.kg/details/528010966a0e260ce5521-57170237,,
https://www.house.kg/details/7693336666a72f2a20a55-88602108,,
